Rank,Name,Meet,Time,Time in Seconds,Flags
1,David Bajwa,Calvin Winter Invitational,20.01,20.01,D3 B R
2,Forrest Peterson,MIAA Championships,20.20,20.2,D3 B
3,Charles Platt,MIAA Championships,20.43,20.43,D3 B R
4,Vlad Molin,MIAA Championships,20.69,20.69,
4,Corey Campbell,Calvin Winter Invitational,20.69,20.69,
6,Julien Camy,Calvin Winter Invitational,20.72,20.72,
7,Josh Seidelman,Calvin Winter Invitational,20.91,20.91,R
8,Austin Martinson,Calvin Winter Invitational,21.22,21.22,
9,Jazz Widney,MIAA Championships,21.23,21.23,
10,Zach Logan,Calvin Winter Invitational,21.44,21.44,
11,Addison Van Soelen,Calvin Winter Invitational,21.52,21.52,R
12,Logan Yakubowski,Calvin Winter Invitational,21.77,21.77,
13,Jack Kulaga,Calvin Winter Invitational,21.91,21.91,
13,Ted Turnage,Calvin Winter Invitational,21.91,21.91,
15,Benjamin Wichhart,Calvin Winter Invitational,21.92,21.92,R
16,Luke Foll,Calvin Winter Invitational,22.04,22.04,
16,Henry Phippen,MIAA Championships,22.04,22.04,
18,Steven Devaughn,MIAA Championships,22.18,22.18,
19,Will Bales,Hope vs. Calvin,22.27,22.27,
20,Timothy Hays,Calvin Winter Invitational,22.28,22.28,X R
21,Anthony Crudele,MIAA Championships,22.36,22.36,
22,Carter Detweiler,Calvin Wayne State,22.39,22.39,
23,Jonathan Taylor,MIAA Championships,22.53,22.53,R
24,Josh Krampe,Calvin Quad,22.71,22.71,R
25,Drew Schmid,MIAA Championships,22.76,22.76,
26,Jake Schotanus,Calvin Winter Invitational,22.77,22.77,R
27,Mohamed Abujiba,Calvin v Albion v Alma,22.90,22.9,
28,Jacob Ziegler,Calvin Wayne State,22.96,22.96,X
28,Beau Reeder,MIAA Championships,22.96,22.96,
30,Tater Ring,MIAA Championships,23.02,23.02,
31,Mike Wormmeester,Calvin Wayne State,23.51,23.51,R
32,Ryan Halberg,Calvin GVSU SVSU,23.69,23.69,R
33,Andrew Stimpert,Calvin Quad,23.71,23.71,R
34,Peter Crudele,Calvin Winter Invitational,23.84,23.84,
35,Nate Kaestner,Calvin Quad,26.58,26.58,X R
1,Maggie Farrell,MIAA Championships,23.44,23.44,D3 B
2,Sydney Sonday,MIAA Championships,23.49,23.49,D3 B
3,Isabella Gable,Calvin Winter Invitational,23.65,23.65,R
4,Meghan Bengelink,Calvin Winter Invitational,23.77,23.77,
5,Elise Bajwa,MIAA Championships,24.24,24.24,
6,Katie Phippen,Calvin Winter Invitational,24.57,24.57,
7,Anya Hopek,Calvin Winter Invitational,24.65,24.65,
8,Sadie Norman,MIAA Championships,24.67,24.67,R
9,Maria Pfundt,Calvin Winter Invitational,24.84,24.84,
10,Natalie Fisher,Calvin Winter Invitational,24.87,24.87,
11,Emma Merkel,Calvin Wayne State,24.95,24.95,
12,Kaelin Kelley,Calvin Winter Invitational,25.20,25.2,
13,Jenna Pierce,Calvin Wayne State,25.37,25.37,
14,Lauren Miedema,Calvin Winter Invitational,25.42,25.42,R
15,Elyse Radawski,Calvin v Albion v Alma,25.59,25.59,
16,Kristin Winkle,Calvin Quad,25.62,25.62,R
17,Jorie Cho,MIAA Championships,25.63,25.63,R
18,Lauren Robertson,MIAA Championships,25.84,25.84,
19,Grace Carpenter,Calvin Winter Invitational,25.89,25.89,
20,Sophia Korfmacher,Calvin Wayne State,25.98,25.98,R
21,Milana Srbinovski,MIAA Championships,26.12,26.12,
22,Abby Merz,MIAA Championships,26.21,26.21,X
23,Aly Hoover,MIAA Championships,26.33,26.33,
24,Rachel Haitonic,Calvin Winter Invitational,26.77,26.77,
25,Cailin Ogg,MIAA Championships,26.92,26.92,
26,Madi McNearney,Calvin Quad,27.23,27.23,X R
27,Becca Streelman,Calvin Wayne State,27.47,27.47,X
28,Eden Maring,MIAA Relays,27.65,27.65,R
29,Maya Bedford,2024 Calvin Kalamazoo Olivet,27.67,27.67,
30,Kailee Turner,Calvin v Albion v Alma,27.86,27.86,
31,Lynda Steen,2024 Calvin Kalamazoo Olivet,28.03,28.03,R
32,Elizabeth Dylewski,Calvin Winter Invitational,28.34,28.34,
33,Tori Beigle,Hope vs. Calvin,28.84,28.84,X
34,Natalie Vroon,2024 Calvin Kalamazoo Olivet,29.08,29.08,
35,Megan Pankratz,Calvin GVSU SVSU,29.31,29.31,R
36,Ashley Sap,Calvin Quad,29.66,29.66,X R
1,David Bajwa,Calvin Winter Invitational,44.07,44.07,D3 B R
2,Forrest Peterson,MIAA Championships,44.84,44.84,D3 B
3,Vlad Molin,MIAA Championships,45.48,45.48,
4,Julien Camy,Calvin Winter Invitational,45.83,45.83,R
5,Charles Platt,Calvin Wayne State,45.99,45.99,
6,Jack Kulaga,MIAA Championships,46.41,46.41,
7,Jazz Widney,Calvin Winter Invitational,46.47,46.47,
8,Zach Logan,Calvin Winter Invitational,46.52,46.52,
9,Austin Martinson,Calvin Winter Invitational,46.74,46.74,R
10,Corey Campbell,MIAA Championships,46.84,46.84,
11,Addison Van Soelen,Calvin Winter Invitational,47.23,47.23,
12,Timothy Hays,Calvin Winter Invitational,47.42,47.42,R
13,Josh Seidelman,Calvin at Wheaton,47.83,47.83,
14,Carter Detweiler,MIAA Championships,47.91,47.91,
15,Ted Turnage,MIAA Championships,48.36,48.36,
15,Luke Foll,MIAA Championships,48.36,48.36,
17,Jacob Ziegler,Calvin Wayne State,48.55,48.55,
18,Benjamin Wichhart,Calvin Winter Invitational,49.11,49.11,R
19,Will Bales,Hope vs. Calvin,49.43,49.43,
20,Steven Devaughn,Calvin Winter Invitational,49.47,49.47,
21,Logan Yakubowski,Calvin Quad,49.52,49.52,R
22,Henry Phippen,Calvin Wayne State,49.57,49.57,
23,Ryan Halberg,Chicago vs. Calvin,49.76,49.76,R
24,Jake Schotanus,Calvin Wayne State,50.20,50.2,
25,Mohamed Abujiba,GCC v Calvin,50.82,50.82,
26,Jonathan Taylor,Calvin Winter Invitational,51.16,51.16,
27,Beau Reeder,MIAA Championships,51.34,51.34,
28,Tater Ring,MIAA Championships,51.48,51.48,
29,Mike Wormmeester,MIAA Championships,51.85,51.85,R
30,Peter Crudele,Calvin Winter Invitational,52.27,52.27,
31,Nate Kaestner,Calvin Quad,55.47,55.47,R
1,Isabella Gable,Calvin Winter Invitational,50.93,50.93,D3 B R
2,Sydney Sonday,MIAA Championships,51.24,51.24,D3 B
3,Maggie Farrell,MIAA Championships,51.54,51.54,
4,Emma Merkel,Calvin GVSU SVSU,53.33,53.33,
5,Meghan Bengelink,Calvin Quad,53.36,53.36,
6,Anya Hopek,MIAA Championships,54.42,54.42,
7,Jorie Cho,MIAA Championships,54.93,54.93,R
8,Kristin Winkle,MIAA Championships,55.04,55.04,R
9,Natalie Fisher,Calvin Winter Invitational,55.14,55.14,R
10,Jenna Pierce,Hope vs. Calvin,55.17,55.17,
11,Maria Pfundt,Calvin Winter Invitational,55.23,55.23,
12,Kaelin Kelley,Calvin Winter Invitational,55.54,55.54,
13,Abby Merz,MIAA Championships,55.88,55.88,
14,Sophia Korfmacher,Calvin Winter Invitational,55.92,55.92,R
15,Katie Phippen,Calvin v Albion v Alma,55.96,55.96,
16,Sadie Norman,Calvin Winter Invitational,56.00,56,R
17,Grace Carpenter,Calvin Winter Invitational,56.10,56.1,
18,Lauren Miedema,Calvin Winter Invitational,56.20,56.2,R
19,Elyse Radawski,Calvin Wayne State,56.59,56.59,
20,Madi McNearney,Calvin Quad,56.61,56.61,R
21,Becca Streelman,Calvin Wayne State,56.72,56.72,
22,Lauren Robertson,MIAA Championships,56.84,56.84,
23,Rachel Haitonic,Calvin Winter Invitational,57.38,57.38,
24,Aly Hoover,MIAA Championships,58.38,58.38,
25,Cailin Ogg,MIAA Championships,58.48,58.48,
26,Maya Bedford,Calvin Quad,58.97,58.97,
27,Eden Maring,Hope vs. Calvin,59.20,59.2,
28,Milana Srbinovski,Calvin GVSU SVSU,1:00.36,60.36,
29,Tori Beigle,Hope vs. Calvin,1:00.55,60.55,
30,Kailee Turner,Calvin v Albion v Alma,1:00.59,60.59,
31,Ashley Sap,Calvin Quad,1:01.90,61.9,R
32,Lynda Steen,Calvin v Albion v Alma,1:02.54,62.54,
1,Charles Platt,MIAA Championships,1:38.95,98.95,D3 B
2,David Bajwa,MIAA Championships,1:39.89,99.89,R
3,Julien Camy,MIAA Championships,1:39.99,99.99000000000001,R
4,Josh Seidelman,MIAA Championships,1:41.38,101.38,
5,Eric Chimes,Calvin Winter Invitational,1:41.69,101.69,R
6,Jack Kulaga,MIAA Championships,1:41.99,101.99000000000001,
7,Ryan Halberg,MIAA Championships,1:43.43,103.43,
8,Austin Martinson,MIAA Championships,1:43.50,103.5,R
9,Andrew Stimpert,MIAA Championships,1:44.43,104.43,
10,Jacob Ziegler,Calvin Winter Invitational,1:44.58,104.58,R
11,Addison Van Soelen,MIAA Championships,1:44.62,104.62,
12,Vlad Molin,Calvin Winter Invitational,1:44.75,104.75,
13,Zach Logan,MIAA Championships,1:45.13,105.13,
14,Timothy Hays,Calvin v Albion v Alma,1:45.89,105.89,
15,Henry Phippen,Calvin Winter Invitational,1:45.90,105.9,
16,Ted Turnage,Calvin Winter Invitational,1:46.26,106.25999999999999,R
17,Carter Detweiler,MIAA Championships,1:46.63,106.63,
18,Mike Wormmeester,MIAA Championships,1:47.12,107.12,
19,Anthony Crudele,Calvin Winter Invitational,1:48.25,108.25,R
20,Will Bales,MIAA Championships,1:49.15,109.15,
21,Benjamin Wichhart,2024 Calvin Kalamazoo Olivet,1:51.89,111.89,
22,Ethan Wayne,Calvin Winter Invitational,1:52.65,112.65,R
23,Logan Yakubowski,Calvin GVSU SVSU,1:52.80,112.8,
24,Jake Schotanus,Calvin Wayne State,1:53.44,113.44,R
25,Peter Crudele,MIAA Championships,1:55.07,115.07,
26,Beau Reeder,MIAA Championships,1:55.26,115.25999999999999,
27,Nate Kaestner,Calvin Winter Invitational,1:55.45,115.45,
1,Isabella Gable,MIAA Championships,1:50.65,110.65,D3 B
2,Emma Merkel,MIAA Championships,1:51.13,111.13,D3 B R
3,Maggie Farrell,Calvin Winter Invitational,1:55.00,115,R
4,Sydney Sonday,CMU Quad Meet,1:56.97,116.97,
5,Becca Streelman,Calvin Winter Invitational,1:58.41,118.41,
6,Meghan Bengelink,Calvin Winter Invitational,1:58.75,118.75,
7,Kristin Winkle,MIAA Championships,1:59.56,119.56,R
8,Sophia Korfmacher,Calvin Wayne State,1:59.66,119.66,R
9,Madi McNearney,Calvin Winter Invitational,2:01.38,121.38,R
10,Jenna Pierce,Hope vs. Calvin,2:01.86,121.86,
11,Grace Carpenter,Calvin Winter Invitational,2:02.31,122.31,R
12,Elyse Radawski,Calvin Winter Invitational,2:02.72,122.72,R
13,Katie Phippen,Calvin Winter Invitational,2:03.06,123.06,R
14,Lauren Miedema,MIAA Championships,2:03.32,123.32,R
15,Eden Maring,MIAA Championships,2:03.39,123.39,
16,Lynda Steen,Calvin Winter Invitational,2:03.63,123.63,
17,Kaelin Kelley,Calvin v Albion v Alma,2:04.12,124.12,
18,Anya Hopek,CMU Quad Meet,2:04.38,124.38,
19,Natalie Fisher,Calvin at Wheaton,2:04.43,124.43,
20,Milana Srbinovski,Calvin Winter Invitational,2:05.75,125.75,R
21,Rachel Haitonic,Calvin Winter Invitational,2:06.14,126.14,
22,Kailee Turner,MIAA Championships,2:06.97,126.97,
23,Cailin Ogg,MIAA Championships,2:07.42,127.42,
24,Ashley Sap,Calvin Winter Invitational,2:08.64,128.64,
25,Annie Connors,2024 Calvin Kalamazoo Olivet,2:08.92,128.92,
26,Maya Bedford,Calvin Quad,2:09.41,129.41,
1,Josh Seidelman,Calvin Winter Invitational,4:38.49,278.49,
2,Ryan Halberg,MIAA Championships,4:38.95,278.95,
3,Andrew Stimpert,MIAA Championships,4:42.80,282.8,
4,Eric Chimes,Hope vs. Calvin,4:46.01,286.01,
5,Jack Kulaga,MIAA Championships,4:46.12,286.12,
6,Timothy Hays,GCC v Calvin,4:52.24,292.24,
7,Henry Phippen,MIAA Championships,4:54.85,294.85,
8,Mike Wormmeester,MIAA Championships,4:55.79,295.79,
9,Benjamin Wichhart,MIAA Championships,4:58.80,298.8,
10,Austin Martinson,Calvin Wayne State,4:59.30,299.3,
11,Forrest Peterson,Calvin at Wheaton,4:59.89,299.89,
12,Carter Detweiler,MIAA Championships,5:00.27,300.27,
13,Nate Kaestner,MIAA Championships,5:01.61,301.61,
14,Jacob Ziegler,GCC v Calvin,5:04.30,304.3,
15,Ethan Wayne,MIAA Championships,5:07.81,307.81,
16,Peter Crudele,Calvin Winter Invitational,5:17.36,317.36,
1,Emma Merkel,Calvin Quad,5:02.41,302.41,
2,Isabella Gable,Calvin Quad,5:02.45,302.45,
3,Becca Streelman,MIAA Championships,5:17.60,317.6,
4,Lynda Steen,MIAA Championships,5:22.42,322.42,
5,Kristin Winkle,MIAA Championships,5:22.53,322.53,
6,Megan Pankratz,MIAA Championships,5:23.10,323.1,
7,Sophia Korfmacher,Calvin Wayne State,5:25.15,325.15,
8,Madi McNearney,Calvin v Albion v Alma,5:27.13,327.13,
9,Lauren Miedema,Calvin Quad,5:31.53,331.53,
10,Eden Maring,Calvin Quad,5:31.85,331.85,
11,Kailee Turner,MIAA Championships,5:38.68,338.68,
12,Ashley Sap,Calvin Quad,5:42.47,342.47,
13,Rachel Haitonic,Calvin Winter Invitational,5:47.15,347.15,
14,Elizabeth Dylewski,Calvin Winter Invitational,5:54.83,354.83,
15,Annie Connors,Calvin Quad,5:55.06,355.06,
16,Maya Bedford,Calvin Quad,6:03.04,363.04,
1,Ryan Halberg,Chicago vs. Calvin,9:49.39,589.39,
2,Josh Seidelman,Calvin Winter Invitational,9:52.52,592.52,X
3,Andrew Stimpert,MIAA Championships,10:01.06,601.06,X
4,Eric Chimes,GCC v Calvin,10:11.16,611.16,
5,Henry Phippen,Calvin Winter Invitational,10:24.80,624.8,X
6,Nate Kaestner,Calvin Winter Invitational,10:33.23,633.23,X
7,Benjamin Wichhart,Calvin v Albion v Alma,11:02.34,662.34,
8,Ethan Wayne,2024 Calvin Kalamazoo Olivet,11:14.82,674.82,X
9,Peter Crudele,Calvin Winter Invitational,11:15.53,675.53,X
1,Emma Merkel,Hope vs. Calvin,10:49.01,649.01,
2,Megan Pankratz,MIAA Championships,11:01.82,661.82,X
3,Becca Streelman,Hope vs. Calvin,11:14.80,674.8,
4,Madi McNearney,CMU Quad Meet,11:18.38,678.38,
5,Lynda Steen,MIAA Championships,11:18.41,678.41,X
6,Kristin Winkle,MIAA Championships,11:21.18,681.18,X
7,Lauren Miedema,Calvin v Albion v Alma,11:34.04,694.04,
8,Eden Maring,Calvin at Wheaton,11:41.88,701.88,
9,Kailee Turner,2024 Calvin Kalamazoo Olivet,11:41.94,701.94,X
10,Ashley Sap,Calvin Winter Invitational,11:56.15,716.15,X
1,Charles Platt,MIAA Championships,22.43,22.43,R
2,David Bajwa,MIAA Championships,22.47,22.47,R
3,Corey Campbell,MIAA Championships,22.70,22.7,
4,Timothy Hays,Calvin Winter Invitational,23.03,23.03,R
5,Ted Turnage,Calvin Winter Invitational,24.05,24.05,R
6,Austin Martinson,Calvin Winter Invitational,24.41,24.41,R
7,Jacob Ziegler,Calvin Wayne State,24.99,24.99,R
8,Ryan Halberg,Calvin Winter Invitational,25.43,25.43,R
9,Jonathan Taylor,Calvin Winter Invitational,25.89,25.89,R
10,Zach Logan,MIAA Championships,25.97,25.97,X
11,Henry Phippen,MIAA Championships,26.09,26.09,
12,Mike Wormmeester,MIAA Championships,26.25,26.25,
13,Logan Yakubowski,GCC v Calvin,26.70,26.7,R
14,Carter Detweiler,MIAA Championships,26.99,26.99,
15,Jake Schotanus,Calvin Winter Invitational,27.16,27.16,X
16,Jazz Widney,Calvin v Albion v Alma,27.37,27.37,X
17,Julien Camy,GCC v Calvin,27.69,27.69,X
18,Peter Crudele,MIAA Championships,28.15,28.15,
19,Nate Kaestner,MIAA Championships,28.56,28.56,
1,Isabella Gable,Calvin Winter Invitational,26.53,26.53,R
2,Sadie Norman,MIAA Championships,26.54,26.54,R
3,Madi McNearney,Calvin Quad,27.72,27.72,R
4,Emma Merkel,Calvin Quad,27.77,27.77,R
5,Meghan Bengelink,MIAA Championships,28.37,28.37,R
6,Katie Phippen,MIAA Championships,28.80,28.8,R
7,Annie Connors,Calvin Winter Invitational,28.91,28.91,R
8,Lauren Robertson,MIAA Championships,28.94,28.94,R
9,Abby Merz,CMU Quad Meet,29.34,29.34,R
10,Natalie Fisher,MIAA Relays,29.63,29.63,R
11,Tori Beigle,MIAA Championships,30.30,30.3,R
12,Rachel Haitonic,Calvin Winter Invitational,30.92,30.92,R
13,Eden Maring,Calvin v Albion v Alma,31.29,31.29,R
14,Aly Hoover,Calvin Winter Invitational,31.38,31.38,X
15,Maya Bedford,MIAA Championships,32.65,32.65,
16,Ashley Sap,MIAA Championships,34.20,34.2,
17,Cailin Ogg,MIAA Championships,34.71,34.71,
1,David Bajwa,NCAA Division III Championship,47.44,47.44,
2,Charles Platt,NCAA Division III Championship,48.15,48.15,
3,Timothy Hays,Calvin Quad,50.27,50.27,R
4,Ted Turnage,Calvin Winter Invitational,52.09,52.09,
5,Austin Martinson,Calvin Winter Invitational,52.16,52.16,R
6,Jacob Ziegler,MIAA Championships,52.57,52.57,R
7,Corey Campbell,MIAA Championships,52.84,52.84,R
8,Ryan Halberg,MIAA Championships,53.88,53.88,R
9,Zach Logan,MIAA Championships,53.98,53.98,
10,Julien Camy,GCC v Calvin,56.73,56.73,
11,Jonathan Taylor,Calvin Winter Invitational,56.90,56.9,
12,Jake Schotanus,Calvin Winter Invitational,57.43,57.43,
13,Jazz Widney,Calvin v Albion v Alma,57.56,57.56,
14,Mike Wormmeester,Calvin Winter Invitational,57.67,57.67,R
15,Nate Kaestner,Calvin Winter Invitational,59.09,59.09,
16,Henry Phippen,GCC v Calvin,59.51,59.51,
1,Emma Merkel,Calvin Quad,57.01,57.01,R
2,Isabella Gable,Calvin Winter Invitational,57.06,57.06,R
3,Sadie Norman,MIAA Championships,58.22,58.22,R
4,Madi McNearney,Calvin Quad,58.99,58.99,R
5,Katie Phippen,Calvin Winter Invitational,1:00.63,60.63,R
6,Annie Connors,Calvin Winter Invitational,1:01.51,61.51,R
7,Natalie Fisher,GCC v Calvin,1:03.38,63.38,
8,Lauren Robertson,MIAA Championships,1:03.70,63.7,
9,Tori Beigle,Calvin Winter Invitational,1:04.44,64.44,
10,Meghan Bengelink,Calvin at Wheaton,1:04.58,64.58,
11,Abby Merz,GCC v Calvin,1:05.50,65.5,
12,Rachel Haitonic,Hope vs. Calvin,1:05.63,65.63,
13,Aly Hoover,Calvin Winter Invitational,1:07.30,67.3,
14,Cailin Ogg,Calvin Winter Invitational,1:12.40,72.4,
15,Maya Bedford,Calvin GVSU SVSU,1:13.22,73.22,
1,David Bajwa,MIAA Championships,1:45.25,105.25,D3 B
2,Charles Platt,MIAA Championships,1:47.25,107.25,D3 B
3,Timothy Hays,Calvin Quad,1:50.21,110.21000000000001,
4,Jacob Ziegler,MIAA Championships,1:54.34,114.34,
5,Ryan Halberg,Calvin Winter Invitational,1:56.59,116.59,
6,Austin Martinson,CMU Quad Meet,1:58.56,118.56,
7,Ted Turnage,Calvin Winter Invitational,2:00.04,120.04,
8,Mike Wormmeester,MIAA Championships,2:00.92,120.92,
9,Henry Phippen,Calvin at Wheaton,2:09.25,129.25,
10,Logan Yakubowski,Calvin at Wheaton,2:09.60,129.6,
11,Nate Kaestner,Calvin Wayne State,2:12.43,132.43,
12,Jonathan Taylor,Calvin Quad,2:14.46,134.46,
1,Emma Merkel,Calvin Quad,2:01.32,121.32,D3 B
2,Isabella Gable,MIAA Championships,2:02.50,122.5,D3 B
3,Madi McNearney,Calvin GVSU SVSU,2:08.08,128.08,
4,Sadie Norman,MIAA Championships,2:11.87,131.87,
5,Abby Merz,Calvin Wayne State,2:14.52,134.52,
6,Katie Phippen,Calvin Winter Invitational,2:15.67,135.67,
7,Annie Connors,2024 Calvin Kalamazoo Olivet,2:17.08,137.07999999999998,
8,Natalie Fisher,Calvin Wayne State,2:20.22,140.22,
9,Tori Beigle,Calvin Winter Invitational,2:22.21,142.21,
10,Rachel Haitonic,Calvin Winter Invitational,2:23.05,143.05,
11,Grace Carpenter,Calvin at Wheaton,2:24.26,144.26,
12,Maya Bedford,Calvin GVSU SVSU,2:35.76,155.76,
1,Caleb Gemmen,Calvin Winter Invitational,25.51,25.51,X
2,Timothy Hays,MIAA Championships,25.88,25.88,X
3,Mohamed Abujiba,MIAA Championships,26.09,26.09,
4,Anthony Crudele,MIAA Championships,26.50,26.5,X
5,David Bajwa,MIAA Championships,27.10,27.1,X
6,Logan Yakubowski,MIAA Championships,27.22,27.22,
7,Luke Foll,MIAA Championships,27.47,27.47,
8,Charles Platt,GCC v Calvin,27.57,27.57,X
9,Drew Schmid,MIAA Championships,27.91,27.91,
10,Josh Krampe,Calvin GVSU SVSU,29.08,29.08,X
11,Andrew Stimpert,Calvin Wayne State,29.63,29.63,X
1,Elise Bajwa,MIAA Championships,29.34,29.34,
2,Maggie Farrell,Calvin Wayne State,31.38,31.38,X
3,Elyse Radawski,Calvin Winter Invitational,31.45,31.45,X
4,Anya Hopek,MIAA Championships,31.74,31.74,
5,Sophia Korfmacher,Calvin Winter Invitational,31.80,31.8,X
6,Abby Merz,MIAA Championships,32.65,32.65,X
7,Kaelin Kelley,Calvin Winter Invitational,33.19,33.19,X
8,Aly Hoover,MIAA Championships,33.37,33.37,
9,Megan Pankratz,MIAA Championships,33.56,33.56,X
10,Sydney Sonday,Calvin at Wheaton,33.92,33.92,X
11,Natalie Vroon,MIAA Championships,34.86,34.86,
12,Maya Bedford,Calvin Wayne State,35.57,35.57,X
13,Milana Srbinovski,Calvin Winter Invitational,35.78,35.78,X
1,Caleb Gemmen,NCAA Division III Championship,55.04,55.04,
2,Timothy Hays,MIAA Championships,55.81,55.81,
3,Anthony Crudele,MIAA Championships,57.01,57.01,
4,Mohamed Abujiba,Calvin Winter Invitational,57.63,57.63,
5,Charles Platt,GCC v Calvin,58.28,58.28,
6,David Bajwa,MIAA Championships,58.48,58.48,
7,Logan Yakubowski,Calvin Winter Invitational,59.29,59.29,
8,Luke Foll,Calvin Winter Invitational,59.78,59.78,
9,Drew Schmid,Calvin Winter Invitational,1:00.64,60.64,
10,Josh Krampe,Calvin GVSU SVSU,1:01.66,61.66,
11,Andrew Stimpert,Calvin Wayne State,1:03.22,63.22,
1,Elise Bajwa,MIAA Championships,1:04.74,64.74,
2,Maggie Farrell,Calvin Wayne State,1:06.88,66.88,
3,Elyse Radawski,Calvin Winter Invitational,1:07.83,67.83,
4,Anya Hopek,MIAA Championships,1:08.95,68.95,
5,Sophia Korfmacher,Calvin Quad,1:08.99,68.99,
6,Kaelin Kelley,Calvin Winter Invitational,1:10.27,70.27,
7,Abby Merz,MIAA Championships,1:10.56,70.56,
8,Megan Pankratz,Calvin Winter Invitational,1:11.37,71.37,
9,Sydney Sonday,Calvin at Wheaton,1:11.76,71.76,
10,Aly Hoover,MIAA Championships,1:13.67,73.67,
11,Maya Bedford,Calvin Wayne State,1:15.23,75.23,
12,Natalie Vroon,Calvin Quad,1:15.72,75.72,
13,Milana Srbinovski,Calvin Winter Invitational,1:17.41,77.41,
1,Caleb Gemmen,Calvin Winter Invitational,2:00.07,120.07,D3 B
2,Timothy Hays,Hope vs. Calvin,2:05.41,125.41,
3,David Bajwa,Calvin Winter Invitational,2:07.38,127.38,
4,Anthony Crudele,MIAA Championships,2:07.39,127.39,
5,Mohamed Abujiba,Calvin Winter Invitational,2:07.60,127.6,
6,Logan Yakubowski,MIAA Championships,2:10.69,130.69,
7,Drew Schmid,Calvin Winter Invitational,2:13.51,133.51,
8,Luke Foll,Calvin Winter Invitational,2:15.46,135.46,
9,Eric Chimes,Calvin at Wheaton,2:15.51,135.51,
10,Andrew Stimpert,Calvin at Wheaton,2:21.70,141.7,
11,Josh Krampe,Calvin GVSU SVSU,2:22.77,142.77,
1,Elise Bajwa,MIAA Championships,2:24.01,144.01,
2,Sophia Korfmacher,Calvin Quad,2:28.00,148,
3,Elyse Radawski,MIAA Championships,2:30.16,150.16,
4,Maggie Farrell,Calvin Wayne State,2:31.19,151.19,
5,Abby Merz,2024 Calvin Kalamazoo Olivet,2:36.19,156.19,
6,Megan Pankratz,Calvin Wayne State,2:38.07,158.07,
7,Kaelin Kelley,CMU Quad Meet,2:38.48,158.48,
8,Anya Hopek,Calvin Quad,2:39.91,159.91,
9,Natalie Vroon,MIAA Championships,2:43.30,163.3,
10,Aly Hoover,2024 Calvin Kalamazoo Olivet,2:49.74,169.74,
1,Forrest Peterson,MIAA Championships,21.31,21.31,
2,Julien Camy,NCAA Division III Championship,21.67,21.67,X
3,David Bajwa,MIAA Championships,22.33,22.33,X
4,Corey Campbell,MIAA Championships,22.43,22.43,X
5,Jazz Widney,MIAA Championships,22.80,22.8,
6,Austin Martinson,MIAA Championships,23.22,23.22,X
7,Vlad Molin,MIAA Championships,23.39,23.39,X
8,Benjamin Wichhart,MIAA Championships,23.42,23.42,
9,Steven Devaughn,MIAA Championships,23.69,23.69,
10,Eric Chimes,Calvin v Albion v Alma,23.79,23.79,X
11,Logan Yakubowski,MIAA Championships,23.84,23.84,X
12,Timothy Hays,Calvin at Wheaton,24.12,24.12,X
13,Will Bales,MIAA Championships,24.15,24.15,
14,Tater Ring,MIAA Championships,24.50,24.5,
15,Jake Schotanus,Calvin Winter Invitational,24.56,24.56,X
16,Ethan Wayne,MIAA Championships,24.77,24.77,
17,Zach Logan,Calvin Wayne State,25.08,25.08,X
18,Jacob Ziegler,GCC v Calvin,25.33,25.33,X
19,Mohamed Abujiba,GCC v Calvin,25.64,25.64,X
20,Caleb Gemmen,Calvin v Albion v Alma,25.67,25.67,X
1,Maria Pfundt,Calvin Quad,19.96,19.96,X
2,Maggie Farrell,NCAA Division III Championship,25.36,25.36,X
3,Sydney Sonday,MIAA Championships,26.07,26.07,X
4,Natalie Fisher,MIAA Championships,26.49,26.49,
5,Sadie Norman,MIAA Championships,27.09,27.09,X
6,Jorie Cho,MIAA Championships,27.59,27.59,
7,Kristin Winkle,MIAA Championships,27.86,27.86,X
8,Sophia Korfmacher,Calvin Winter Invitational,27.89,27.89,X
9,Lauren Miedema,GCC v Calvin,27.95,27.95,
10,Emma Merkel,GCC v Calvin,28.32,28.32,
11,Lynda Steen,MIAA Championships,28.38,28.38,X
12,Abby Merz,Calvin Wayne State,28.70,28.7,X
13,Grace Carpenter,Calvin Winter Invitational,28.73,28.73,X
14,Milana Srbinovski,MIAA Championships,28.97,28.97,
15,Kaelin Kelley,Calvin v Albion v Alma,29.06,29.06,X
16,Elizabeth Dylewski,MIAA Championships,29.54,29.54,
17,Katie Phippen,Calvin Wayne State,29.90,29.9,X
18,Kailee Turner,MIAA Championships,30.61,30.61,
19,Ashley Sap,Calvin Winter Invitational,31.85,31.85,X
20,Maya Bedford,Calvin Wayne State,32.58,32.58,X
21,Natalie Vroon,Calvin Wayne State,33.33,33.33,X
1,Julien Camy,NCAA Division III Championship,46.44,46.44,
2,Forrest Peterson,MIAA Championships,47.71,47.71,D3 B
3,David Bajwa,MIAA Championships,47.83,47.83,D3 B
4,Corey Campbell,MIAA Championships,49.82,49.82,
5,Austin Martinson,MIAA Championships,49.87,49.87,
6,Vlad Molin,MIAA Championships,50.68,50.68,
7,Jazz Widney,Calvin Winter Invitational,50.69,50.69,
8,Eric Chimes,Calvin v Albion v Alma,50.89,50.89,
9,Benjamin Wichhart,MIAA Championships,51.50,51.5,
10,Timothy Hays,Calvin v Albion v Alma,51.58,51.58,
11,Logan Yakubowski,Calvin Winter Invitational,51.83,51.83,
12,Jake Schotanus,MIAA Championships,52.50,52.5,
13,Steven Devaughn,MIAA Championships,52.83,52.83,
14,Jacob Ziegler,Calvin Winter Invitational,53.97,53.97,X
15,Ethan Wayne,Calvin Winter Invitational,54.14,54.14,
16,Will Bales,Calvin Wayne State,54.79,54.79,
17,Mohamed Abujiba,GCC v Calvin,55.15,55.15,
18,Tater Ring,MIAA Championships,55.30,55.3,
19,Zach Logan,Calvin Wayne State,55.38,55.38,
20,Caleb Gemmen,Calvin v Albion v Alma,56.27,56.27,
21,Ryan Halberg,Calvin Wayne State,1:00.21,60.21,X
22,Henry Phippen,Calvin Wayne State,1:03.61,63.61,X
23,Drew Schmid,2024 Calvin Kalamazoo Olivet,1:08.31,68.31,X
1,Maggie Farrell,Calvin Winter Invitational,54.84,54.84,D3 B
2,Sydney Sonday,MIAA Championships,56.15,56.15,
3,Sadie Norman,MIAA Championships,57.70,57.7,
4,Natalie Fisher,MIAA Championships,59.65,59.65,
5,Sophia Korfmacher,Calvin Winter Invitational,59.71,59.71,
6,Maria Pfundt,Calvin Winter Invitational,59.77,59.77,
7,Isabella Gable,Calvin at Wheaton,59.98,59.98,X
8,Lauren Miedema,CMU Quad Meet,1:00.30,60.3,
9,Lynda Steen,MIAA Championships,1:00.47,60.47,
10,Emma Merkel,Calvin at Wheaton,1:01.27,61.27,
11,Kristin Winkle,MIAA Championships,1:01.39,61.39,
12,Jorie Cho,Calvin Winter Invitational,1:02.34,62.34,
13,Abby Merz,Calvin Wayne State,1:02.42,62.42,
14,Katie Phippen,Calvin Wayne State,1:02.78,62.78,
15,Madi McNearney,Calvin Quad,1:02.79,62.79,X
16,Kaelin Kelley,Calvin v Albion v Alma,1:03.09,63.09,
17,Grace Carpenter,Calvin v Albion v Alma,1:04.47,64.47,
18,Elizabeth Dylewski,Calvin Winter Invitational,1:04.62,64.62,
19,Milana Srbinovski,MIAA Championships,1:04.92,64.92,
20,Tori Beigle,2024 Calvin Kalamazoo Olivet,1:07.49,67.49,X
21,Eden Maring,Calvin Wayne State,1:09.98,69.98,X
22,Ashley Sap,Calvin Winter Invitational,1:10.05,70.05,
23,Natalie Vroon,Calvin Wayne State,1:11.55,71.55,
24,Maya Bedford,Calvin Wayne State,1:12.12,72.12,
1,Julien Camy,NCAA Division III Championship,1:47.12,107.12,
2,Eric Chimes,MIAA Championships,1:47.44,107.44,D3 B
3,Timothy Hays,Calvin Winter Invitational,1:50.16,110.16,D3 B
4,Austin Martinson,MIAA Championships,1:51.50,111.5,
5,Jacob Ziegler,Calvin Winter Invitational,1:56.65,116.65,
6,Benjamin Wichhart,MIAA Championships,1:57.27,117.27000000000001,
7,Forrest Peterson,Calvin at Wheaton,1:58.11,118.11,
8,David Bajwa,Calvin Wayne State,1:58.17,118.17,
9,Jake Schotanus,MIAA Championships,1:58.18,118.18,
10,Ethan Wayne,MIAA Championships,2:01.99,121.99,
11,Steven Devaughn,2024 Calvin Kalamazoo Olivet,2:06.47,126.47,
12,Corey Campbell,Calvin at Wheaton,2:13.07,133.07,
13,Tater Ring,Calvin Quad,2:24.34,144.34,
1,Maggie Farrell,Calvin GVSU SVSU,2:09.60,129.6,
2,Lynda Steen,Hope vs. Calvin,2:13.27,133.27,
3,Lauren Miedema,Calvin Quad,2:16.58,136.57999999999998,
4,Madi McNearney,Calvin at Wheaton,2:18.72,138.72,
5,Natalie Fisher,MIAA Championships,2:18.91,138.91,
6,Abby Merz,Calvin Quad,2:19.48,139.48,
7,Jorie Cho,Calvin Winter Invitational,2:23.03,143.03,
8,Elizabeth Dylewski,Calvin Winter Invitational,2:23.07,143.07,
9,Milana Srbinovski,Calvin Quad,2:26.02,146.02,
10,Maria Pfundt,Calvin Quad,2:30.54,150.54,
11,Grace Carpenter,Calvin at Wheaton,2:37.71,157.71,
1,Eric Chimes,GCC v Calvin,54.12,54.12,
2,Caleb Gemmen,GCC v Calvin,56.03,56.03,
3,Logan Yakubowski,GCC v Calvin,56.65,56.65,
4,Anthony Crudele,GCC v Calvin,58.59,58.59,
1,Elyse Radawski,MIAA Championships,1:00.56,60.56,
2,Isabella Gable,GCC v Calvin,1:02.91,62.91,
3,Sophia Korfmacher,GCC v Calvin,1:03.88,63.88,
4,Katie Phippen,MIAA Championships,1:04.70,64.7,
5,Abby Merz,GCC v Calvin,1:06.06,66.06,
1,Eric Chimes,NCAA Division III Championship,1:48.43,108.43,
2,Timothy Hays,MIAA Championships,1:50.24,110.24000000000001,D3 B
3,David Bajwa,Calvin Winter Invitational,1:50.34,110.34,D3 B
4,Caleb Gemmen,MIAA Championships,1:55.08,115.08,
5,Jacob Ziegler,Calvin Winter Invitational,1:55.10,115.1,
6,Austin Martinson,Calvin Winter Invitational,1:55.42,115.42,
7,Anthony Crudele,MIAA Championships,1:56.09,116.09,
8,Logan Yakubowski,MIAA Championships,1:57.06,117.06,
9,Mohamed Abujiba,MIAA Championships,2:03.39,123.39,
10,Jake Schotanus,MIAA Championships,2:03.71,123.71,
11,Drew Schmid,MIAA Championships,2:03.86,123.86,
12,Josh Krampe,Calvin v Albion v Alma,2:12.07,132.07,
13,Ethan Wayne,Calvin v Albion v Alma,2:15.20,135.2,
1,Isabella Gable,Calvin Winter Invitational,2:06.56,126.56,
2,Elyse Radawski,Calvin Winter Invitational,2:10.34,130.34,
3,Emma Merkel,Calvin v Albion v Alma,2:12.29,132.29,
4,Madi McNearney,Calvin Winter Invitational,2:12.42,132.42,
5,Sophia Korfmacher,Calvin Winter Invitational,2:12.79,132.79,
6,Maggie Farrell,Calvin at Wheaton,2:13.63,133.63,
7,Natalie Fisher,MIAA Championships,2:14.22,134.22,
8,Abby Merz,Hope vs. Calvin,2:18.07,138.07,
9,Tori Beigle,Calvin Winter Invitational,2:20.75,140.75,
10,Sadie Norman,Calvin at Wheaton,2:23.71,143.71,
11,Maya Bedford,Calvin Winter Invitational,2:27.74,147.74,
12,Natalie Vroon,Calvin Winter Invitational,2:32.34,152.34,
1,Eric Chimes,MIAA Championships,3:56.47,236.47,D3 B
2,Timothy Hays,Calvin Quad,4:05.91,245.91,
3,Austin Martinson,MIAA Championships,4:08.42,248.42,
4,Jacob Ziegler,Calvin Winter Invitational,4:10.16,250.16,
5,David Bajwa,Calvin Quad,4:12.38,252.38,
6,Logan Yakubowski,Calvin Winter Invitational,4:16.15,256.15,
7,Ryan Halberg,Calvin Wayne State,4:24.55,264.55,
8,Drew Schmid,2024 Calvin Kalamazoo Olivet,4:45.86,285.86,
9,Henry Phippen,Calvin Wayne State,4:49.65,289.65,
1,Isabella Gable,Calvin at Wheaton,4:32.83,272.83,
2,Madi McNearney,Calvin Quad,4:42.27,282.27,
3,Abby Merz,MIAA Championships,4:44.52,284.52,
4,Sophia Korfmacher,MIAA Championships,4:44.96,284.96,
5,Natalie Fisher,Calvin Winter Invitational,4:55.62,295.62,
6,Katie Phippen,2024 Calvin Kalamazoo Olivet,4:59.09,299.09000000000003,
7,Eden Maring,Calvin Wayne State,5:03.03,303.03,
8,Kaelin Kelley,Calvin Quad,5:03.82,303.82,
9,Tori Beigle,2024 Calvin Kalamazoo Olivet,5:08.26,308.26,
