Rank,Name,Meet,Time,Time in Seconds,Flags,Event ID,Event,Gender
1,David Bajwa,Calvin Winter Invitational,20.01,20.01,D3 B R,150,50 Free,Male
2,Forrest Peterson,MIAA Championships,20.20,20.2,D3 B,150,50 Free,Male
3,Charles Platt,MIAA Championships,20.43,20.43,D3 B R,150,50 Free,Male
4,Vlad Molin,MIAA Championships,20.69,20.69,,150,50 Free,Male
4,Corey Campbell,Calvin Winter Invitational,20.69,20.69,,150,50 Free,Male
6,Julien Camy,Calvin Winter Invitational,20.72,20.72,,150,50 Free,Male
7,Josh Seidelman,Calvin Winter Invitational,20.91,20.91,R,150,50 Free,Male
8,Austin Martinson,Calvin Winter Invitational,21.22,21.22,,150,50 Free,Male
9,Jazz Widney,MIAA Championships,21.23,21.23,,150,50 Free,Male
10,Zach Logan,Calvin Winter Invitational,21.44,21.44,,150,50 Free,Male
11,Addison Van Soelen,Calvin Winter Invitational,21.52,21.52,R,150,50 Free,Male
12,Logan Yakubowski,Calvin Winter Invitational,21.77,21.77,,150,50 Free,Male
13,Jack Kulaga,Calvin Winter Invitational,21.91,21.91,,150,50 Free,Male
13,Ted Turnage,Calvin Winter Invitational,21.91,21.91,,150,50 Free,Male
15,Benjamin Wichhart,Calvin Winter Invitational,21.92,21.92,R,150,50 Free,Male
16,Luke Foll,Calvin Winter Invitational,22.04,22.04,,150,50 Free,Male
16,Henry Phippen,MIAA Championships,22.04,22.04,,150,50 Free,Male
18,Steven Devaughn,MIAA Championships,22.18,22.18,,150,50 Free,Male
19,Will Bales,Hope vs. Calvin,22.27,22.27,,150,50 Free,Male
20,Timothy Hays,Calvin Winter Invitational,22.28,22.28,X R,150,50 Free,Male
21,Anthony Crudele,MIAA Championships,22.36,22.36,,150,50 Free,Male
22,Carter Detweiler,Calvin Wayne State,22.39,22.39,,150,50 Free,Male
23,Jonathan Taylor,MIAA Championships,22.53,22.53,R,150,50 Free,Male
24,Josh Krampe,Calvin Quad,22.71,22.71,R,150,50 Free,Male
25,Drew Schmid,MIAA Championships,22.76,22.76,,150,50 Free,Male
26,Jake Schotanus,Calvin Winter Invitational,22.77,22.77,R,150,50 Free,Male
27,Mohamed Abujiba,Calvin v Albion v Alma,22.90,22.9,,150,50 Free,Male
28,Jacob Ziegler,Calvin Wayne State,22.96,22.96,X,150,50 Free,Male
28,Beau Reeder,MIAA Championships,22.96,22.96,,150,50 Free,Male
30,Tater Ring,MIAA Championships,23.02,23.02,,150,50 Free,Male
31,Mike Wormmeester,Calvin Wayne State,23.51,23.51,R,150,50 Free,Male
32,Ryan Halberg,Calvin GVSU SVSU,23.69,23.69,R,150,50 Free,Male
33,Andrew Stimpert,Calvin Quad,23.71,23.71,R,150,50 Free,Male
34,Peter Crudele,Calvin Winter Invitational,23.84,23.84,,150,50 Free,Male
35,Nate Kaestner,Calvin Quad,26.58,26.58,X R,150,50 Free,Male
1,Maggie Farrell,MIAA Championships,23.44,23.44,D3 B,150,50 Free,Female
2,Sydney Sonday,MIAA Championships,23.49,23.49,D3 B,150,50 Free,Female
3,Isabella Gable,Calvin Winter Invitational,23.65,23.65,R,150,50 Free,Female
4,Meghan Bengelink,Calvin Winter Invitational,23.77,23.77,,150,50 Free,Female
5,Elise Bajwa,MIAA Championships,24.24,24.24,,150,50 Free,Female
6,Katie Phippen,Calvin Winter Invitational,24.57,24.57,,150,50 Free,Female
7,Anya Hopek,Calvin Winter Invitational,24.65,24.65,,150,50 Free,Female
8,Sadie Norman,MIAA Championships,24.67,24.67,R,150,50 Free,Female
9,Maria Pfundt,Calvin Winter Invitational,24.84,24.84,,150,50 Free,Female
10,Natalie Fisher,Calvin Winter Invitational,24.87,24.87,,150,50 Free,Female
11,Emma Merkel,Calvin Wayne State,24.95,24.95,,150,50 Free,Female
12,Kaelin Kelley,Calvin Winter Invitational,25.20,25.2,,150,50 Free,Female
13,Jenna Pierce,Calvin Wayne State,25.37,25.37,,150,50 Free,Female
14,Lauren Miedema,Calvin Winter Invitational,25.42,25.42,R,150,50 Free,Female
15,Elyse Radawski,Calvin v Albion v Alma,25.59,25.59,,150,50 Free,Female
16,Kristin Winkle,Calvin Quad,25.62,25.62,R,150,50 Free,Female
17,Jorie Cho,MIAA Championships,25.63,25.63,R,150,50 Free,Female
18,Lauren Robertson,MIAA Championships,25.84,25.84,,150,50 Free,Female
19,Grace Carpenter,Calvin Winter Invitational,25.89,25.89,,150,50 Free,Female
20,Sophia Korfmacher,Calvin Wayne State,25.98,25.98,R,150,50 Free,Female
21,Milana Srbinovski,MIAA Championships,26.12,26.12,,150,50 Free,Female
22,Abby Merz,MIAA Championships,26.21,26.21,X,150,50 Free,Female
23,Aly Hoover,MIAA Championships,26.33,26.33,,150,50 Free,Female
24,Rachel Haitonic,Calvin Winter Invitational,26.77,26.77,,150,50 Free,Female
25,Cailin Ogg,MIAA Championships,26.92,26.92,,150,50 Free,Female
26,Madi McNearney,Calvin Quad,27.23,27.23,X R,150,50 Free,Female
27,Becca Streelman,Calvin Wayne State,27.47,27.47,X,150,50 Free,Female
28,Eden Maring,MIAA Relays,27.65,27.65,R,150,50 Free,Female
29,Maya Bedford,2024 Calvin Kalamazoo Olivet,27.67,27.67,,150,50 Free,Female
30,Kailee Turner,Calvin v Albion v Alma,27.86,27.86,,150,50 Free,Female
31,Lynda Steen,2024 Calvin Kalamazoo Olivet,28.03,28.03,R,150,50 Free,Female
32,Elizabeth Dylewski,Calvin Winter Invitational,28.34,28.34,,150,50 Free,Female
33,Tori Beigle,Hope vs. Calvin,28.84,28.84,X,150,50 Free,Female
34,Natalie Vroon,2024 Calvin Kalamazoo Olivet,29.08,29.08,,150,50 Free,Female
35,Megan Pankratz,Calvin GVSU SVSU,29.31,29.31,R,150,50 Free,Female
36,Ashley Sap,Calvin Quad,29.66,29.66,X R,150,50 Free,Female
1,David Bajwa,Calvin Winter Invitational,44.07,44.07,D3 B R,1100,100 Free,Male
2,Forrest Peterson,MIAA Championships,44.84,44.84,D3 B,1100,100 Free,Male
3,Vlad Molin,MIAA Championships,45.48,45.48,,1100,100 Free,Male
4,Julien Camy,Calvin Winter Invitational,45.83,45.83,R,1100,100 Free,Male
5,Charles Platt,Calvin Wayne State,45.99,45.99,,1100,100 Free,Male
6,Jack Kulaga,MIAA Championships,46.41,46.41,,1100,100 Free,Male
7,Jazz Widney,Calvin Winter Invitational,46.47,46.47,,1100,100 Free,Male
8,Zach Logan,Calvin Winter Invitational,46.52,46.52,,1100,100 Free,Male
9,Austin Martinson,Calvin Winter Invitational,46.74,46.74,R,1100,100 Free,Male
10,Corey Campbell,MIAA Championships,46.84,46.84,,1100,100 Free,Male
11,Addison Van Soelen,Calvin Winter Invitational,47.23,47.23,,1100,100 Free,Male
12,Timothy Hays,Calvin Winter Invitational,47.42,47.42,R,1100,100 Free,Male
13,Josh Seidelman,Calvin at Wheaton,47.83,47.83,,1100,100 Free,Male
14,Carter Detweiler,MIAA Championships,47.91,47.91,,1100,100 Free,Male
15,Ted Turnage,MIAA Championships,48.36,48.36,,1100,100 Free,Male
15,Luke Foll,MIAA Championships,48.36,48.36,,1100,100 Free,Male
17,Jacob Ziegler,Calvin Wayne State,48.55,48.55,,1100,100 Free,Male
18,Benjamin Wichhart,Calvin Winter Invitational,49.11,49.11,R,1100,100 Free,Male
19,Will Bales,Hope vs. Calvin,49.43,49.43,,1100,100 Free,Male
20,Steven Devaughn,Calvin Winter Invitational,49.47,49.47,,1100,100 Free,Male
21,Logan Yakubowski,Calvin Quad,49.52,49.52,R,1100,100 Free,Male
22,Henry Phippen,Calvin Wayne State,49.57,49.57,,1100,100 Free,Male
23,Ryan Halberg,Chicago vs. Calvin,49.76,49.76,R,1100,100 Free,Male
24,Jake Schotanus,Calvin Wayne State,50.20,50.2,,1100,100 Free,Male
25,Mohamed Abujiba,GCC v Calvin,50.82,50.82,,1100,100 Free,Male
26,Jonathan Taylor,Calvin Winter Invitational,51.16,51.16,,1100,100 Free,Male
27,Beau Reeder,MIAA Championships,51.34,51.34,,1100,100 Free,Male
28,Tater Ring,MIAA Championships,51.48,51.48,,1100,100 Free,Male
29,Mike Wormmeester,MIAA Championships,51.85,51.85,R,1100,100 Free,Male
30,Peter Crudele,Calvin Winter Invitational,52.27,52.27,,1100,100 Free,Male
31,Nate Kaestner,Calvin Quad,55.47,55.47,R,1100,100 Free,Male
1,Isabella Gable,Calvin Winter Invitational,50.93,50.93,D3 B R,1100,100 Free,Female
2,Sydney Sonday,MIAA Championships,51.24,51.24,D3 B,1100,100 Free,Female
3,Maggie Farrell,MIAA Championships,51.54,51.54,,1100,100 Free,Female
4,Emma Merkel,Calvin GVSU SVSU,53.33,53.33,,1100,100 Free,Female
5,Meghan Bengelink,Calvin Quad,53.36,53.36,,1100,100 Free,Female
6,Anya Hopek,MIAA Championships,54.42,54.42,,1100,100 Free,Female
7,Jorie Cho,MIAA Championships,54.93,54.93,R,1100,100 Free,Female
8,Kristin Winkle,MIAA Championships,55.04,55.04,R,1100,100 Free,Female
9,Natalie Fisher,Calvin Winter Invitational,55.14,55.14,R,1100,100 Free,Female
10,Jenna Pierce,Hope vs. Calvin,55.17,55.17,,1100,100 Free,Female
11,Maria Pfundt,Calvin Winter Invitational,55.23,55.23,,1100,100 Free,Female
12,Kaelin Kelley,Calvin Winter Invitational,55.54,55.54,,1100,100 Free,Female
13,Abby Merz,MIAA Championships,55.88,55.88,,1100,100 Free,Female
14,Sophia Korfmacher,Calvin Winter Invitational,55.92,55.92,R,1100,100 Free,Female
15,Katie Phippen,Calvin v Albion v Alma,55.96,55.96,,1100,100 Free,Female
16,Sadie Norman,Calvin Winter Invitational,56.00,56,R,1100,100 Free,Female
17,Grace Carpenter,Calvin Winter Invitational,56.10,56.1,,1100,100 Free,Female
18,Lauren Miedema,Calvin Winter Invitational,56.20,56.2,R,1100,100 Free,Female
19,Elyse Radawski,Calvin Wayne State,56.59,56.59,,1100,100 Free,Female
20,Madi McNearney,Calvin Quad,56.61,56.61,R,1100,100 Free,Female
21,Becca Streelman,Calvin Wayne State,56.72,56.72,,1100,100 Free,Female
22,Lauren Robertson,MIAA Championships,56.84,56.84,,1100,100 Free,Female
23,Rachel Haitonic,Calvin Winter Invitational,57.38,57.38,,1100,100 Free,Female
24,Aly Hoover,MIAA Championships,58.38,58.38,,1100,100 Free,Female
25,Cailin Ogg,MIAA Championships,58.48,58.48,,1100,100 Free,Female
26,Maya Bedford,Calvin Quad,58.97,58.97,,1100,100 Free,Female
27,Eden Maring,Hope vs. Calvin,59.20,59.2,,1100,100 Free,Female
28,Milana Srbinovski,Calvin GVSU SVSU,1:00.36,60.36,,1100,100 Free,Female
29,Tori Beigle,Hope vs. Calvin,1:00.55,60.55,,1100,100 Free,Female
30,Kailee Turner,Calvin v Albion v Alma,1:00.59,60.59,,1100,100 Free,Female
31,Ashley Sap,Calvin Quad,1:01.90,61.9,R,1100,100 Free,Female
32,Lynda Steen,Calvin v Albion v Alma,1:02.54,62.54,,1100,100 Free,Female
1,Charles Platt,MIAA Championships,1:38.95,98.95,D3 B,1200,200 Free,Male
2,David Bajwa,MIAA Championships,1:39.89,99.89,R,1200,200 Free,Male
3,Julien Camy,MIAA Championships,1:39.99,99.99000000000001,R,1200,200 Free,Male
4,Josh Seidelman,MIAA Championships,1:41.38,101.38,,1200,200 Free,Male
5,Eric Chimes,Calvin Winter Invitational,1:41.69,101.69,R,1200,200 Free,Male
6,Jack Kulaga,MIAA Championships,1:41.99,101.99000000000001,,1200,200 Free,Male
7,Ryan Halberg,MIAA Championships,1:43.43,103.43,,1200,200 Free,Male
8,Austin Martinson,MIAA Championships,1:43.50,103.5,R,1200,200 Free,Male
9,Andrew Stimpert,MIAA Championships,1:44.43,104.43,,1200,200 Free,Male
10,Jacob Ziegler,Calvin Winter Invitational,1:44.58,104.58,R,1200,200 Free,Male
11,Addison Van Soelen,MIAA Championships,1:44.62,104.62,,1200,200 Free,Male
12,Vlad Molin,Calvin Winter Invitational,1:44.75,104.75,,1200,200 Free,Male
13,Zach Logan,MIAA Championships,1:45.13,105.13,,1200,200 Free,Male
14,Timothy Hays,Calvin v Albion v Alma,1:45.89,105.89,,1200,200 Free,Male
15,Henry Phippen,Calvin Winter Invitational,1:45.90,105.9,,1200,200 Free,Male
16,Ted Turnage,Calvin Winter Invitational,1:46.26,106.25999999999999,R,1200,200 Free,Male
17,Carter Detweiler,MIAA Championships,1:46.63,106.63,,1200,200 Free,Male
18,Mike Wormmeester,MIAA Championships,1:47.12,107.12,,1200,200 Free,Male
19,Anthony Crudele,Calvin Winter Invitational,1:48.25,108.25,R,1200,200 Free,Male
20,Will Bales,MIAA Championships,1:49.15,109.15,,1200,200 Free,Male
21,Benjamin Wichhart,2024 Calvin Kalamazoo Olivet,1:51.89,111.89,,1200,200 Free,Male
22,Ethan Wayne,Calvin Winter Invitational,1:52.65,112.65,R,1200,200 Free,Male
23,Logan Yakubowski,Calvin GVSU SVSU,1:52.80,112.8,,1200,200 Free,Male
24,Jake Schotanus,Calvin Wayne State,1:53.44,113.44,R,1200,200 Free,Male
25,Peter Crudele,MIAA Championships,1:55.07,115.07,,1200,200 Free,Male
26,Beau Reeder,MIAA Championships,1:55.26,115.25999999999999,,1200,200 Free,Male
27,Nate Kaestner,Calvin Winter Invitational,1:55.45,115.45,,1200,200 Free,Male
1,Isabella Gable,MIAA Championships,1:50.65,110.65,D3 B,1200,200 Free,Female
2,Emma Merkel,MIAA Championships,1:51.13,111.13,D3 B R,1200,200 Free,Female
3,Maggie Farrell,Calvin Winter Invitational,1:55.00,115,R,1200,200 Free,Female
4,Sydney Sonday,CMU Quad Meet,1:56.97,116.97,,1200,200 Free,Female
5,Becca Streelman,Calvin Winter Invitational,1:58.41,118.41,,1200,200 Free,Female
6,Meghan Bengelink,Calvin Winter Invitational,1:58.75,118.75,,1200,200 Free,Female
7,Kristin Winkle,MIAA Championships,1:59.56,119.56,R,1200,200 Free,Female
8,Sophia Korfmacher,Calvin Wayne State,1:59.66,119.66,R,1200,200 Free,Female
9,Madi McNearney,Calvin Winter Invitational,2:01.38,121.38,R,1200,200 Free,Female
10,Jenna Pierce,Hope vs. Calvin,2:01.86,121.86,,1200,200 Free,Female
11,Grace Carpenter,Calvin Winter Invitational,2:02.31,122.31,R,1200,200 Free,Female
12,Elyse Radawski,Calvin Winter Invitational,2:02.72,122.72,R,1200,200 Free,Female
13,Katie Phippen,Calvin Winter Invitational,2:03.06,123.06,R,1200,200 Free,Female
14,Lauren Miedema,MIAA Championships,2:03.32,123.32,R,1200,200 Free,Female
15,Eden Maring,MIAA Championships,2:03.39,123.39,,1200,200 Free,Female
16,Lynda Steen,Calvin Winter Invitational,2:03.63,123.63,,1200,200 Free,Female
17,Kaelin Kelley,Calvin v Albion v Alma,2:04.12,124.12,,1200,200 Free,Female
18,Anya Hopek,CMU Quad Meet,2:04.38,124.38,,1200,200 Free,Female
19,Natalie Fisher,Calvin at Wheaton,2:04.43,124.43,,1200,200 Free,Female
20,Milana Srbinovski,Calvin Winter Invitational,2:05.75,125.75,R,1200,200 Free,Female
21,Rachel Haitonic,Calvin Winter Invitational,2:06.14,126.14,,1200,200 Free,Female
22,Kailee Turner,MIAA Championships,2:06.97,126.97,,1200,200 Free,Female
23,Cailin Ogg,MIAA Championships,2:07.42,127.42,,1200,200 Free,Female
24,Ashley Sap,Calvin Winter Invitational,2:08.64,128.64,,1200,200 Free,Female
25,Annie Connors,2024 Calvin Kalamazoo Olivet,2:08.92,128.92,,1200,200 Free,Female
26,Maya Bedford,Calvin Quad,2:09.41,129.41,,1200,200 Free,Female
1,Josh Seidelman,Calvin Winter Invitational,4:38.49,278.49,,1500,500 Free,Male
2,Ryan Halberg,MIAA Championships,4:38.95,278.95,,1500,500 Free,Male
3,Andrew Stimpert,MIAA Championships,4:42.80,282.8,,1500,500 Free,Male
4,Eric Chimes,Hope vs. Calvin,4:46.01,286.01,,1500,500 Free,Male
5,Jack Kulaga,MIAA Championships,4:46.12,286.12,,1500,500 Free,Male
6,Timothy Hays,GCC v Calvin,4:52.24,292.24,,1500,500 Free,Male
7,Henry Phippen,MIAA Championships,4:54.85,294.85,,1500,500 Free,Male
8,Mike Wormmeester,MIAA Championships,4:55.79,295.79,,1500,500 Free,Male
9,Benjamin Wichhart,MIAA Championships,4:58.80,298.8,,1500,500 Free,Male
10,Austin Martinson,Calvin Wayne State,4:59.30,299.3,,1500,500 Free,Male
11,Forrest Peterson,Calvin at Wheaton,4:59.89,299.89,,1500,500 Free,Male
12,Carter Detweiler,MIAA Championships,5:00.27,300.27,,1500,500 Free,Male
13,Nate Kaestner,MIAA Championships,5:01.61,301.61,,1500,500 Free,Male
14,Jacob Ziegler,GCC v Calvin,5:04.30,304.3,,1500,500 Free,Male
15,Ethan Wayne,MIAA Championships,5:07.81,307.81,,1500,500 Free,Male
16,Peter Crudele,Calvin Winter Invitational,5:17.36,317.36,,1500,500 Free,Male
1,Emma Merkel,Calvin Quad,5:02.41,302.41,,1500,500 Free,Female
2,Isabella Gable,Calvin Quad,5:02.45,302.45,,1500,500 Free,Female
3,Becca Streelman,MIAA Championships,5:17.60,317.6,,1500,500 Free,Female
4,Lynda Steen,MIAA Championships,5:22.42,322.42,,1500,500 Free,Female
5,Kristin Winkle,MIAA Championships,5:22.53,322.53,,1500,500 Free,Female
6,Megan Pankratz,MIAA Championships,5:23.10,323.1,,1500,500 Free,Female
7,Sophia Korfmacher,Calvin Wayne State,5:25.15,325.15,,1500,500 Free,Female
8,Madi McNearney,Calvin v Albion v Alma,5:27.13,327.13,,1500,500 Free,Female
9,Lauren Miedema,Calvin Quad,5:31.53,331.53,,1500,500 Free,Female
10,Eden Maring,Calvin Quad,5:31.85,331.85,,1500,500 Free,Female
11,Kailee Turner,MIAA Championships,5:38.68,338.68,,1500,500 Free,Female
12,Ashley Sap,Calvin Quad,5:42.47,342.47,,1500,500 Free,Female
13,Rachel Haitonic,Calvin Winter Invitational,5:47.15,347.15,,1500,500 Free,Female
14,Elizabeth Dylewski,Calvin Winter Invitational,5:54.83,354.83,,1500,500 Free,Female
15,Annie Connors,Calvin Quad,5:55.06,355.06,,1500,500 Free,Female
16,Maya Bedford,Calvin Quad,6:03.04,363.04,,1500,500 Free,Female
1,Ryan Halberg,Chicago vs. Calvin,9:49.39,589.39,,11000,1000 Free,Male
2,Josh Seidelman,Calvin Winter Invitational,9:52.52,592.52,X,11000,1000 Free,Male
3,Andrew Stimpert,MIAA Championships,10:01.06,601.06,X,11000,1000 Free,Male
4,Eric Chimes,GCC v Calvin,10:11.16,611.16,,11000,1000 Free,Male
5,Henry Phippen,Calvin Winter Invitational,10:24.80,624.8,X,11000,1000 Free,Male
6,Nate Kaestner,Calvin Winter Invitational,10:33.23,633.23,X,11000,1000 Free,Male
7,Benjamin Wichhart,Calvin v Albion v Alma,11:02.34,662.34,,11000,1000 Free,Male
8,Ethan Wayne,2024 Calvin Kalamazoo Olivet,11:14.82,674.82,X,11000,1000 Free,Male
9,Peter Crudele,Calvin Winter Invitational,11:15.53,675.53,X,11000,1000 Free,Male
1,Emma Merkel,Hope vs. Calvin,10:49.01,649.01,,11000,1000 Free,Female
2,Megan Pankratz,MIAA Championships,11:01.82,661.82,X,11000,1000 Free,Female
3,Becca Streelman,Hope vs. Calvin,11:14.80,674.8,,11000,1000 Free,Female
4,Madi McNearney,CMU Quad Meet,11:18.38,678.38,,11000,1000 Free,Female
5,Lynda Steen,MIAA Championships,11:18.41,678.41,X,11000,1000 Free,Female
6,Kristin Winkle,MIAA Championships,11:21.18,681.18,X,11000,1000 Free,Female
7,Lauren Miedema,Calvin v Albion v Alma,11:34.04,694.04,,11000,1000 Free,Female
8,Eden Maring,Calvin at Wheaton,11:41.88,701.88,,11000,1000 Free,Female
9,Kailee Turner,2024 Calvin Kalamazoo Olivet,11:41.94,701.94,X,11000,1000 Free,Female
10,Ashley Sap,Calvin Winter Invitational,11:56.15,716.15,X,11000,1000 Free,Female
1,Charles Platt,MIAA Championships,22.43,22.43,R,250,50 Back,Male
2,David Bajwa,MIAA Championships,22.47,22.47,R,250,50 Back,Male
3,Corey Campbell,MIAA Championships,22.70,22.7,,250,50 Back,Male
4,Timothy Hays,Calvin Winter Invitational,23.03,23.03,R,250,50 Back,Male
5,Ted Turnage,Calvin Winter Invitational,24.05,24.05,R,250,50 Back,Male
6,Austin Martinson,Calvin Winter Invitational,24.41,24.41,R,250,50 Back,Male
7,Jacob Ziegler,Calvin Wayne State,24.99,24.99,R,250,50 Back,Male
8,Ryan Halberg,Calvin Winter Invitational,25.43,25.43,R,250,50 Back,Male
9,Jonathan Taylor,Calvin Winter Invitational,25.89,25.89,R,250,50 Back,Male
10,Zach Logan,MIAA Championships,25.97,25.97,X,250,50 Back,Male
11,Henry Phippen,MIAA Championships,26.09,26.09,,250,50 Back,Male
12,Mike Wormmeester,MIAA Championships,26.25,26.25,,250,50 Back,Male
13,Logan Yakubowski,GCC v Calvin,26.70,26.7,R,250,50 Back,Male
14,Carter Detweiler,MIAA Championships,26.99,26.99,,250,50 Back,Male
15,Jake Schotanus,Calvin Winter Invitational,27.16,27.16,X,250,50 Back,Male
16,Jazz Widney,Calvin v Albion v Alma,27.37,27.37,X,250,50 Back,Male
17,Julien Camy,GCC v Calvin,27.69,27.69,X,250,50 Back,Male
18,Peter Crudele,MIAA Championships,28.15,28.15,,250,50 Back,Male
19,Nate Kaestner,MIAA Championships,28.56,28.56,,250,50 Back,Male
1,Isabella Gable,Calvin Winter Invitational,26.53,26.53,R,250,50 Back,Female
2,Sadie Norman,MIAA Championships,26.54,26.54,R,250,50 Back,Female
3,Madi McNearney,Calvin Quad,27.72,27.72,R,250,50 Back,Female
4,Emma Merkel,Calvin Quad,27.77,27.77,R,250,50 Back,Female
5,Meghan Bengelink,MIAA Championships,28.37,28.37,R,250,50 Back,Female
6,Katie Phippen,MIAA Championships,28.80,28.8,R,250,50 Back,Female
7,Annie Connors,Calvin Winter Invitational,28.91,28.91,R,250,50 Back,Female
8,Lauren Robertson,MIAA Championships,28.94,28.94,R,250,50 Back,Female
9,Abby Merz,CMU Quad Meet,29.34,29.34,R,250,50 Back,Female
10,Natalie Fisher,MIAA Relays,29.63,29.63,R,250,50 Back,Female
11,Tori Beigle,MIAA Championships,30.30,30.3,R,250,50 Back,Female
12,Rachel Haitonic,Calvin Winter Invitational,30.92,30.92,R,250,50 Back,Female
13,Eden Maring,Calvin v Albion v Alma,31.29,31.29,R,250,50 Back,Female
14,Aly Hoover,Calvin Winter Invitational,31.38,31.38,X,250,50 Back,Female
15,Maya Bedford,MIAA Championships,32.65,32.65,,250,50 Back,Female
16,Ashley Sap,MIAA Championships,34.20,34.2,,250,50 Back,Female
17,Cailin Ogg,MIAA Championships,34.71,34.71,,250,50 Back,Female
1,David Bajwa,NCAA Division III Championship,47.44,47.44,,2100,100 Back,Male
2,Charles Platt,NCAA Division III Championship,48.15,48.15,,2100,100 Back,Male
3,Timothy Hays,Calvin Quad,50.27,50.27,R,2100,100 Back,Male
4,Ted Turnage,Calvin Winter Invitational,52.09,52.09,,2100,100 Back,Male
5,Austin Martinson,Calvin Winter Invitational,52.16,52.16,R,2100,100 Back,Male
6,Jacob Ziegler,MIAA Championships,52.57,52.57,R,2100,100 Back,Male
7,Corey Campbell,MIAA Championships,52.84,52.84,R,2100,100 Back,Male
8,Ryan Halberg,MIAA Championships,53.88,53.88,R,2100,100 Back,Male
9,Zach Logan,MIAA Championships,53.98,53.98,,2100,100 Back,Male
10,Julien Camy,GCC v Calvin,56.73,56.73,,2100,100 Back,Male
11,Jonathan Taylor,Calvin Winter Invitational,56.90,56.9,,2100,100 Back,Male
12,Jake Schotanus,Calvin Winter Invitational,57.43,57.43,,2100,100 Back,Male
13,Jazz Widney,Calvin v Albion v Alma,57.56,57.56,,2100,100 Back,Male
14,Mike Wormmeester,Calvin Winter Invitational,57.67,57.67,R,2100,100 Back,Male
15,Nate Kaestner,Calvin Winter Invitational,59.09,59.09,,2100,100 Back,Male
16,Henry Phippen,GCC v Calvin,59.51,59.51,,2100,100 Back,Male
1,Emma Merkel,Calvin Quad,57.01,57.01,R,2100,100 Back,Female
2,Isabella Gable,Calvin Winter Invitational,57.06,57.06,R,2100,100 Back,Female
3,Sadie Norman,MIAA Championships,58.22,58.22,R,2100,100 Back,Female
4,Madi McNearney,Calvin Quad,58.99,58.99,R,2100,100 Back,Female
5,Katie Phippen,Calvin Winter Invitational,1:00.63,60.63,R,2100,100 Back,Female
6,Annie Connors,Calvin Winter Invitational,1:01.51,61.51,R,2100,100 Back,Female
7,Natalie Fisher,GCC v Calvin,1:03.38,63.38,,2100,100 Back,Female
8,Lauren Robertson,MIAA Championships,1:03.70,63.7,,2100,100 Back,Female
9,Tori Beigle,Calvin Winter Invitational,1:04.44,64.44,,2100,100 Back,Female
10,Meghan Bengelink,Calvin at Wheaton,1:04.58,64.58,,2100,100 Back,Female
11,Abby Merz,GCC v Calvin,1:05.50,65.5,,2100,100 Back,Female
12,Rachel Haitonic,Hope vs. Calvin,1:05.63,65.63,,2100,100 Back,Female
13,Aly Hoover,Calvin Winter Invitational,1:07.30,67.3,,2100,100 Back,Female
14,Cailin Ogg,Calvin Winter Invitational,1:12.40,72.4,,2100,100 Back,Female
15,Maya Bedford,Calvin GVSU SVSU,1:13.22,73.22,,2100,100 Back,Female
1,David Bajwa,MIAA Championships,1:45.25,105.25,D3 B,2200,200 Back,Male
2,Charles Platt,MIAA Championships,1:47.25,107.25,D3 B,2200,200 Back,Male
3,Timothy Hays,Calvin Quad,1:50.21,110.21000000000001,,2200,200 Back,Male
4,Jacob Ziegler,MIAA Championships,1:54.34,114.34,,2200,200 Back,Male
5,Ryan Halberg,Calvin Winter Invitational,1:56.59,116.59,,2200,200 Back,Male
6,Austin Martinson,CMU Quad Meet,1:58.56,118.56,,2200,200 Back,Male
7,Ted Turnage,Calvin Winter Invitational,2:00.04,120.04,,2200,200 Back,Male
8,Mike Wormmeester,MIAA Championships,2:00.92,120.92,,2200,200 Back,Male
9,Henry Phippen,Calvin at Wheaton,2:09.25,129.25,,2200,200 Back,Male
10,Logan Yakubowski,Calvin at Wheaton,2:09.60,129.6,,2200,200 Back,Male
11,Nate Kaestner,Calvin Wayne State,2:12.43,132.43,,2200,200 Back,Male
12,Jonathan Taylor,Calvin Quad,2:14.46,134.46,,2200,200 Back,Male
1,Emma Merkel,Calvin Quad,2:01.32,121.32,D3 B,2200,200 Back,Female
2,Isabella Gable,MIAA Championships,2:02.50,122.5,D3 B,2200,200 Back,Female
3,Madi McNearney,Calvin GVSU SVSU,2:08.08,128.08,,2200,200 Back,Female
4,Sadie Norman,MIAA Championships,2:11.87,131.87,,2200,200 Back,Female
5,Abby Merz,Calvin Wayne State,2:14.52,134.52,,2200,200 Back,Female
6,Katie Phippen,Calvin Winter Invitational,2:15.67,135.67,,2200,200 Back,Female
7,Annie Connors,2024 Calvin Kalamazoo Olivet,2:17.08,137.07999999999998,,2200,200 Back,Female
8,Natalie Fisher,Calvin Wayne State,2:20.22,140.22,,2200,200 Back,Female
9,Tori Beigle,Calvin Winter Invitational,2:22.21,142.21,,2200,200 Back,Female
10,Rachel Haitonic,Calvin Winter Invitational,2:23.05,143.05,,2200,200 Back,Female
11,Grace Carpenter,Calvin at Wheaton,2:24.26,144.26,,2200,200 Back,Female
12,Maya Bedford,Calvin GVSU SVSU,2:35.76,155.76,,2200,200 Back,Female
1,Caleb Gemmen,Calvin Winter Invitational,25.51,25.51,X,350,50 Breast,Male
2,Timothy Hays,MIAA Championships,25.88,25.88,X,350,50 Breast,Male
3,Mohamed Abujiba,MIAA Championships,26.09,26.09,,350,50 Breast,Male
4,Anthony Crudele,MIAA Championships,26.50,26.5,X,350,50 Breast,Male
5,David Bajwa,MIAA Championships,27.10,27.1,X,350,50 Breast,Male
6,Logan Yakubowski,MIAA Championships,27.22,27.22,,350,50 Breast,Male
7,Luke Foll,MIAA Championships,27.47,27.47,,350,50 Breast,Male
8,Charles Platt,GCC v Calvin,27.57,27.57,X,350,50 Breast,Male
9,Drew Schmid,MIAA Championships,27.91,27.91,,350,50 Breast,Male
10,Josh Krampe,Calvin GVSU SVSU,29.08,29.08,X,350,50 Breast,Male
11,Andrew Stimpert,Calvin Wayne State,29.63,29.63,X,350,50 Breast,Male
1,Elise Bajwa,MIAA Championships,29.34,29.34,,350,50 Breast,Female
2,Maggie Farrell,Calvin Wayne State,31.38,31.38,X,350,50 Breast,Female
3,Elyse Radawski,Calvin Winter Invitational,31.45,31.45,X,350,50 Breast,Female
4,Anya Hopek,MIAA Championships,31.74,31.74,,350,50 Breast,Female
5,Sophia Korfmacher,Calvin Winter Invitational,31.80,31.8,X,350,50 Breast,Female
6,Abby Merz,MIAA Championships,32.65,32.65,X,350,50 Breast,Female
7,Kaelin Kelley,Calvin Winter Invitational,33.19,33.19,X,350,50 Breast,Female
8,Aly Hoover,MIAA Championships,33.37,33.37,,350,50 Breast,Female
9,Megan Pankratz,MIAA Championships,33.56,33.56,X,350,50 Breast,Female
10,Sydney Sonday,Calvin at Wheaton,33.92,33.92,X,350,50 Breast,Female
11,Natalie Vroon,MIAA Championships,34.86,34.86,,350,50 Breast,Female
12,Maya Bedford,Calvin Wayne State,35.57,35.57,X,350,50 Breast,Female
13,Milana Srbinovski,Calvin Winter Invitational,35.78,35.78,X,350,50 Breast,Female
1,Caleb Gemmen,NCAA Division III Championship,55.04,55.04,,3100,100 Breast,Male
2,Timothy Hays,MIAA Championships,55.81,55.81,,3100,100 Breast,Male
3,Anthony Crudele,MIAA Championships,57.01,57.01,,3100,100 Breast,Male
4,Mohamed Abujiba,Calvin Winter Invitational,57.63,57.63,,3100,100 Breast,Male
5,Charles Platt,GCC v Calvin,58.28,58.28,,3100,100 Breast,Male
6,David Bajwa,MIAA Championships,58.48,58.48,,3100,100 Breast,Male
7,Logan Yakubowski,Calvin Winter Invitational,59.29,59.29,,3100,100 Breast,Male
8,Luke Foll,Calvin Winter Invitational,59.78,59.78,,3100,100 Breast,Male
9,Drew Schmid,Calvin Winter Invitational,1:00.64,60.64,,3100,100 Breast,Male
10,Josh Krampe,Calvin GVSU SVSU,1:01.66,61.66,,3100,100 Breast,Male
11,Andrew Stimpert,Calvin Wayne State,1:03.22,63.22,,3100,100 Breast,Male
1,Elise Bajwa,MIAA Championships,1:04.74,64.74,,3100,100 Breast,Female
2,Maggie Farrell,Calvin Wayne State,1:06.88,66.88,,3100,100 Breast,Female
3,Elyse Radawski,Calvin Winter Invitational,1:07.83,67.83,,3100,100 Breast,Female
4,Anya Hopek,MIAA Championships,1:08.95,68.95,,3100,100 Breast,Female
5,Sophia Korfmacher,Calvin Quad,1:08.99,68.99,,3100,100 Breast,Female
6,Kaelin Kelley,Calvin Winter Invitational,1:10.27,70.27,,3100,100 Breast,Female
7,Abby Merz,MIAA Championships,1:10.56,70.56,,3100,100 Breast,Female
8,Megan Pankratz,Calvin Winter Invitational,1:11.37,71.37,,3100,100 Breast,Female
9,Sydney Sonday,Calvin at Wheaton,1:11.76,71.76,,3100,100 Breast,Female
10,Aly Hoover,MIAA Championships,1:13.67,73.67,,3100,100 Breast,Female
11,Maya Bedford,Calvin Wayne State,1:15.23,75.23,,3100,100 Breast,Female
12,Natalie Vroon,Calvin Quad,1:15.72,75.72,,3100,100 Breast,Female
13,Milana Srbinovski,Calvin Winter Invitational,1:17.41,77.41,,3100,100 Breast,Female
1,Caleb Gemmen,Calvin Winter Invitational,2:00.07,120.07,D3 B,3200,200 Breast,Male
2,Timothy Hays,Hope vs. Calvin,2:05.41,125.41,,3200,200 Breast,Male
3,David Bajwa,Calvin Winter Invitational,2:07.38,127.38,,3200,200 Breast,Male
4,Anthony Crudele,MIAA Championships,2:07.39,127.39,,3200,200 Breast,Male
5,Mohamed Abujiba,Calvin Winter Invitational,2:07.60,127.6,,3200,200 Breast,Male
6,Logan Yakubowski,MIAA Championships,2:10.69,130.69,,3200,200 Breast,Male
7,Drew Schmid,Calvin Winter Invitational,2:13.51,133.51,,3200,200 Breast,Male
8,Luke Foll,Calvin Winter Invitational,2:15.46,135.46,,3200,200 Breast,Male
9,Eric Chimes,Calvin at Wheaton,2:15.51,135.51,,3200,200 Breast,Male
10,Andrew Stimpert,Calvin at Wheaton,2:21.70,141.7,,3200,200 Breast,Male
11,Josh Krampe,Calvin GVSU SVSU,2:22.77,142.77,,3200,200 Breast,Male
1,Elise Bajwa,MIAA Championships,2:24.01,144.01,,3200,200 Breast,Female
2,Sophia Korfmacher,Calvin Quad,2:28.00,148,,3200,200 Breast,Female
3,Elyse Radawski,MIAA Championships,2:30.16,150.16,,3200,200 Breast,Female
4,Maggie Farrell,Calvin Wayne State,2:31.19,151.19,,3200,200 Breast,Female
5,Abby Merz,2024 Calvin Kalamazoo Olivet,2:36.19,156.19,,3200,200 Breast,Female
6,Megan Pankratz,Calvin Wayne State,2:38.07,158.07,,3200,200 Breast,Female
7,Kaelin Kelley,CMU Quad Meet,2:38.48,158.48,,3200,200 Breast,Female
8,Anya Hopek,Calvin Quad,2:39.91,159.91,,3200,200 Breast,Female
9,Natalie Vroon,MIAA Championships,2:43.30,163.3,,3200,200 Breast,Female
10,Aly Hoover,2024 Calvin Kalamazoo Olivet,2:49.74,169.74,,3200,200 Breast,Female
1,Forrest Peterson,MIAA Championships,21.31,21.31,,450,50 Fly,Male
2,Julien Camy,NCAA Division III Championship,21.67,21.67,X,450,50 Fly,Male
3,David Bajwa,MIAA Championships,22.33,22.33,X,450,50 Fly,Male
4,Corey Campbell,MIAA Championships,22.43,22.43,X,450,50 Fly,Male
5,Jazz Widney,MIAA Championships,22.80,22.8,,450,50 Fly,Male
6,Austin Martinson,MIAA Championships,23.22,23.22,X,450,50 Fly,Male
7,Vlad Molin,MIAA Championships,23.39,23.39,X,450,50 Fly,Male
8,Benjamin Wichhart,MIAA Championships,23.42,23.42,,450,50 Fly,Male
9,Steven Devaughn,MIAA Championships,23.69,23.69,,450,50 Fly,Male
10,Eric Chimes,Calvin v Albion v Alma,23.79,23.79,X,450,50 Fly,Male
11,Logan Yakubowski,MIAA Championships,23.84,23.84,X,450,50 Fly,Male
12,Timothy Hays,Calvin at Wheaton,24.12,24.12,X,450,50 Fly,Male
13,Will Bales,MIAA Championships,24.15,24.15,,450,50 Fly,Male
14,Tater Ring,MIAA Championships,24.50,24.5,,450,50 Fly,Male
15,Jake Schotanus,Calvin Winter Invitational,24.56,24.56,X,450,50 Fly,Male
16,Ethan Wayne,MIAA Championships,24.77,24.77,,450,50 Fly,Male
17,Zach Logan,Calvin Wayne State,25.08,25.08,X,450,50 Fly,Male
18,Jacob Ziegler,GCC v Calvin,25.33,25.33,X,450,50 Fly,Male
19,Mohamed Abujiba,GCC v Calvin,25.64,25.64,X,450,50 Fly,Male
20,Caleb Gemmen,Calvin v Albion v Alma,25.67,25.67,X,450,50 Fly,Male
1,Maria Pfundt,Calvin Quad,19.96,19.96,X,450,50 Fly,Female
2,Maggie Farrell,NCAA Division III Championship,25.36,25.36,X,450,50 Fly,Female
3,Sydney Sonday,MIAA Championships,26.07,26.07,X,450,50 Fly,Female
4,Natalie Fisher,MIAA Championships,26.49,26.49,,450,50 Fly,Female
5,Sadie Norman,MIAA Championships,27.09,27.09,X,450,50 Fly,Female
6,Jorie Cho,MIAA Championships,27.59,27.59,,450,50 Fly,Female
7,Kristin Winkle,MIAA Championships,27.86,27.86,X,450,50 Fly,Female
8,Sophia Korfmacher,Calvin Winter Invitational,27.89,27.89,X,450,50 Fly,Female
9,Lauren Miedema,GCC v Calvin,27.95,27.95,,450,50 Fly,Female
10,Emma Merkel,GCC v Calvin,28.32,28.32,,450,50 Fly,Female
11,Lynda Steen,MIAA Championships,28.38,28.38,X,450,50 Fly,Female
12,Abby Merz,Calvin Wayne State,28.70,28.7,X,450,50 Fly,Female
13,Grace Carpenter,Calvin Winter Invitational,28.73,28.73,X,450,50 Fly,Female
14,Milana Srbinovski,MIAA Championships,28.97,28.97,,450,50 Fly,Female
15,Kaelin Kelley,Calvin v Albion v Alma,29.06,29.06,X,450,50 Fly,Female
16,Elizabeth Dylewski,MIAA Championships,29.54,29.54,,450,50 Fly,Female
17,Katie Phippen,Calvin Wayne State,29.90,29.9,X,450,50 Fly,Female
18,Kailee Turner,MIAA Championships,30.61,30.61,,450,50 Fly,Female
19,Ashley Sap,Calvin Winter Invitational,31.85,31.85,X,450,50 Fly,Female
20,Maya Bedford,Calvin Wayne State,32.58,32.58,X,450,50 Fly,Female
21,Natalie Vroon,Calvin Wayne State,33.33,33.33,X,450,50 Fly,Female
1,Julien Camy,NCAA Division III Championship,46.44,46.44,,4100,100 Fly,Male
2,Forrest Peterson,MIAA Championships,47.71,47.71,D3 B,4100,100 Fly,Male
3,David Bajwa,MIAA Championships,47.83,47.83,D3 B,4100,100 Fly,Male
4,Corey Campbell,MIAA Championships,49.82,49.82,,4100,100 Fly,Male
5,Austin Martinson,MIAA Championships,49.87,49.87,,4100,100 Fly,Male
6,Vlad Molin,MIAA Championships,50.68,50.68,,4100,100 Fly,Male
7,Jazz Widney,Calvin Winter Invitational,50.69,50.69,,4100,100 Fly,Male
8,Eric Chimes,Calvin v Albion v Alma,50.89,50.89,,4100,100 Fly,Male
9,Benjamin Wichhart,MIAA Championships,51.50,51.5,,4100,100 Fly,Male
10,Timothy Hays,Calvin v Albion v Alma,51.58,51.58,,4100,100 Fly,Male
11,Logan Yakubowski,Calvin Winter Invitational,51.83,51.83,,4100,100 Fly,Male
12,Jake Schotanus,MIAA Championships,52.50,52.5,,4100,100 Fly,Male
13,Steven Devaughn,MIAA Championships,52.83,52.83,,4100,100 Fly,Male
14,Jacob Ziegler,Calvin Winter Invitational,53.97,53.97,X,4100,100 Fly,Male
15,Ethan Wayne,Calvin Winter Invitational,54.14,54.14,,4100,100 Fly,Male
16,Will Bales,Calvin Wayne State,54.79,54.79,,4100,100 Fly,Male
17,Mohamed Abujiba,GCC v Calvin,55.15,55.15,,4100,100 Fly,Male
18,Tater Ring,MIAA Championships,55.30,55.3,,4100,100 Fly,Male
19,Zach Logan,Calvin Wayne State,55.38,55.38,,4100,100 Fly,Male
20,Caleb Gemmen,Calvin v Albion v Alma,56.27,56.27,,4100,100 Fly,Male
21,Ryan Halberg,Calvin Wayne State,1:00.21,60.21,X,4100,100 Fly,Male
22,Henry Phippen,Calvin Wayne State,1:03.61,63.61,X,4100,100 Fly,Male
23,Drew Schmid,2024 Calvin Kalamazoo Olivet,1:08.31,68.31,X,4100,100 Fly,Male
1,Maggie Farrell,Calvin Winter Invitational,54.84,54.84,D3 B,4100,100 Fly,Female
2,Sydney Sonday,MIAA Championships,56.15,56.15,,4100,100 Fly,Female
3,Sadie Norman,MIAA Championships,57.70,57.7,,4100,100 Fly,Female
4,Natalie Fisher,MIAA Championships,59.65,59.65,,4100,100 Fly,Female
5,Sophia Korfmacher,Calvin Winter Invitational,59.71,59.71,,4100,100 Fly,Female
6,Maria Pfundt,Calvin Winter Invitational,59.77,59.77,,4100,100 Fly,Female
7,Isabella Gable,Calvin at Wheaton,59.98,59.98,X,4100,100 Fly,Female
8,Lauren Miedema,CMU Quad Meet,1:00.30,60.3,,4100,100 Fly,Female
9,Lynda Steen,MIAA Championships,1:00.47,60.47,,4100,100 Fly,Female
10,Emma Merkel,Calvin at Wheaton,1:01.27,61.27,,4100,100 Fly,Female
11,Kristin Winkle,MIAA Championships,1:01.39,61.39,,4100,100 Fly,Female
12,Jorie Cho,Calvin Winter Invitational,1:02.34,62.34,,4100,100 Fly,Female
13,Abby Merz,Calvin Wayne State,1:02.42,62.42,,4100,100 Fly,Female
14,Katie Phippen,Calvin Wayne State,1:02.78,62.78,,4100,100 Fly,Female
15,Madi McNearney,Calvin Quad,1:02.79,62.79,X,4100,100 Fly,Female
16,Kaelin Kelley,Calvin v Albion v Alma,1:03.09,63.09,,4100,100 Fly,Female
17,Grace Carpenter,Calvin v Albion v Alma,1:04.47,64.47,,4100,100 Fly,Female
18,Elizabeth Dylewski,Calvin Winter Invitational,1:04.62,64.62,,4100,100 Fly,Female
19,Milana Srbinovski,MIAA Championships,1:04.92,64.92,,4100,100 Fly,Female
20,Tori Beigle,2024 Calvin Kalamazoo Olivet,1:07.49,67.49,X,4100,100 Fly,Female
21,Eden Maring,Calvin Wayne State,1:09.98,69.98,X,4100,100 Fly,Female
22,Ashley Sap,Calvin Winter Invitational,1:10.05,70.05,,4100,100 Fly,Female
23,Natalie Vroon,Calvin Wayne State,1:11.55,71.55,,4100,100 Fly,Female
24,Maya Bedford,Calvin Wayne State,1:12.12,72.12,,4100,100 Fly,Female
1,Julien Camy,NCAA Division III Championship,1:47.12,107.12,,4200,200 Fly,Male
2,Eric Chimes,MIAA Championships,1:47.44,107.44,D3 B,4200,200 Fly,Male
3,Timothy Hays,Calvin Winter Invitational,1:50.16,110.16,D3 B,4200,200 Fly,Male
4,Austin Martinson,MIAA Championships,1:51.50,111.5,,4200,200 Fly,Male
5,Jacob Ziegler,Calvin Winter Invitational,1:56.65,116.65,,4200,200 Fly,Male
6,Benjamin Wichhart,MIAA Championships,1:57.27,117.27000000000001,,4200,200 Fly,Male
7,Forrest Peterson,Calvin at Wheaton,1:58.11,118.11,,4200,200 Fly,Male
8,David Bajwa,Calvin Wayne State,1:58.17,118.17,,4200,200 Fly,Male
9,Jake Schotanus,MIAA Championships,1:58.18,118.18,,4200,200 Fly,Male
10,Ethan Wayne,MIAA Championships,2:01.99,121.99,,4200,200 Fly,Male
11,Steven Devaughn,2024 Calvin Kalamazoo Olivet,2:06.47,126.47,,4200,200 Fly,Male
12,Corey Campbell,Calvin at Wheaton,2:13.07,133.07,,4200,200 Fly,Male
13,Tater Ring,Calvin Quad,2:24.34,144.34,,4200,200 Fly,Male
1,Maggie Farrell,Calvin GVSU SVSU,2:09.60,129.6,,4200,200 Fly,Female
2,Lynda Steen,Hope vs. Calvin,2:13.27,133.27,,4200,200 Fly,Female
3,Lauren Miedema,Calvin Quad,2:16.58,136.57999999999998,,4200,200 Fly,Female
4,Madi McNearney,Calvin at Wheaton,2:18.72,138.72,,4200,200 Fly,Female
5,Natalie Fisher,MIAA Championships,2:18.91,138.91,,4200,200 Fly,Female
6,Abby Merz,Calvin Quad,2:19.48,139.48,,4200,200 Fly,Female
7,Jorie Cho,Calvin Winter Invitational,2:23.03,143.03,,4200,200 Fly,Female
8,Elizabeth Dylewski,Calvin Winter Invitational,2:23.07,143.07,,4200,200 Fly,Female
9,Milana Srbinovski,Calvin Quad,2:26.02,146.02,,4200,200 Fly,Female
10,Maria Pfundt,Calvin Quad,2:30.54,150.54,,4200,200 Fly,Female
11,Grace Carpenter,Calvin at Wheaton,2:37.71,157.71,,4200,200 Fly,Female
1,Eric Chimes,GCC v Calvin,54.12,54.12,,5100,100 IM,Male
2,Caleb Gemmen,GCC v Calvin,56.03,56.03,,5100,100 IM,Male
3,Logan Yakubowski,GCC v Calvin,56.65,56.65,,5100,100 IM,Male
4,Anthony Crudele,GCC v Calvin,58.59,58.59,,5100,100 IM,Male
1,Elyse Radawski,MIAA Championships,1:00.56,60.56,,5100,100 IM,Female
2,Isabella Gable,GCC v Calvin,1:02.91,62.91,,5100,100 IM,Female
3,Sophia Korfmacher,GCC v Calvin,1:03.88,63.88,,5100,100 IM,Female
4,Katie Phippen,MIAA Championships,1:04.70,64.7,,5100,100 IM,Female
5,Abby Merz,GCC v Calvin,1:06.06,66.06,,5100,100 IM,Female
1,Eric Chimes,NCAA Division III Championship,1:48.43,108.43,,5200,200 IM,Male
2,Timothy Hays,MIAA Championships,1:50.24,110.24000000000001,D3 B,5200,200 IM,Male
3,David Bajwa,Calvin Winter Invitational,1:50.34,110.34,D3 B,5200,200 IM,Male
4,Caleb Gemmen,MIAA Championships,1:55.08,115.08,,5200,200 IM,Male
5,Jacob Ziegler,Calvin Winter Invitational,1:55.10,115.1,,5200,200 IM,Male
6,Austin Martinson,Calvin Winter Invitational,1:55.42,115.42,,5200,200 IM,Male
7,Anthony Crudele,MIAA Championships,1:56.09,116.09,,5200,200 IM,Male
8,Logan Yakubowski,MIAA Championships,1:57.06,117.06,,5200,200 IM,Male
9,Mohamed Abujiba,MIAA Championships,2:03.39,123.39,,5200,200 IM,Male
10,Jake Schotanus,MIAA Championships,2:03.71,123.71,,5200,200 IM,Male
11,Drew Schmid,MIAA Championships,2:03.86,123.86,,5200,200 IM,Male
12,Josh Krampe,Calvin v Albion v Alma,2:12.07,132.07,,5200,200 IM,Male
13,Ethan Wayne,Calvin v Albion v Alma,2:15.20,135.2,,5200,200 IM,Male
1,Isabella Gable,Calvin Winter Invitational,2:06.56,126.56,,5200,200 IM,Female
2,Elyse Radawski,Calvin Winter Invitational,2:10.34,130.34,,5200,200 IM,Female
3,Emma Merkel,Calvin v Albion v Alma,2:12.29,132.29,,5200,200 IM,Female
4,Madi McNearney,Calvin Winter Invitational,2:12.42,132.42,,5200,200 IM,Female
5,Sophia Korfmacher,Calvin Winter Invitational,2:12.79,132.79,,5200,200 IM,Female
6,Maggie Farrell,Calvin at Wheaton,2:13.63,133.63,,5200,200 IM,Female
7,Natalie Fisher,MIAA Championships,2:14.22,134.22,,5200,200 IM,Female
8,Abby Merz,Hope vs. Calvin,2:18.07,138.07,,5200,200 IM,Female
9,Tori Beigle,Calvin Winter Invitational,2:20.75,140.75,,5200,200 IM,Female
10,Sadie Norman,Calvin at Wheaton,2:23.71,143.71,,5200,200 IM,Female
11,Maya Bedford,Calvin Winter Invitational,2:27.74,147.74,,5200,200 IM,Female
12,Natalie Vroon,Calvin Winter Invitational,2:32.34,152.34,,5200,200 IM,Female
1,Eric Chimes,MIAA Championships,3:56.47,236.47,D3 B,5400,400 IM,Male
2,Timothy Hays,Calvin Quad,4:05.91,245.91,,5400,400 IM,Male
3,Austin Martinson,MIAA Championships,4:08.42,248.42,,5400,400 IM,Male
4,Jacob Ziegler,Calvin Winter Invitational,4:10.16,250.16,,5400,400 IM,Male
5,David Bajwa,Calvin Quad,4:12.38,252.38,,5400,400 IM,Male
6,Logan Yakubowski,Calvin Winter Invitational,4:16.15,256.15,,5400,400 IM,Male
7,Ryan Halberg,Calvin Wayne State,4:24.55,264.55,,5400,400 IM,Male
8,Drew Schmid,2024 Calvin Kalamazoo Olivet,4:45.86,285.86,,5400,400 IM,Male
9,Henry Phippen,Calvin Wayne State,4:49.65,289.65,,5400,400 IM,Male
1,Isabella Gable,Calvin at Wheaton,4:32.83,272.83,,5400,400 IM,Female
2,Madi McNearney,Calvin Quad,4:42.27,282.27,,5400,400 IM,Female
3,Abby Merz,MIAA Championships,4:44.52,284.52,,5400,400 IM,Female
4,Sophia Korfmacher,MIAA Championships,4:44.96,284.96,,5400,400 IM,Female
5,Natalie Fisher,Calvin Winter Invitational,4:55.62,295.62,,5400,400 IM,Female
6,Katie Phippen,2024 Calvin Kalamazoo Olivet,4:59.09,299.09000000000003,,5400,400 IM,Female
7,Eden Maring,Calvin Wayne State,5:03.03,303.03,,5400,400 IM,Female
8,Kaelin Kelley,Calvin Quad,5:03.82,303.82,,5400,400 IM,Female
9,Tori Beigle,2024 Calvin Kalamazoo Olivet,5:08.26,308.26,,5400,400 IM,Female
